ID,Family,Virus,Protein,Structural Class,Sequence length,Sequence
Junin_GPC,Arenaviridae,Junin,GPC,Class I Fusion,485,MGQFISFMQEIPTFLQEALNIALVAVSLIAIIKGVVNLYKSGLFQFFVFLALAGRSCTEEAFKIGLHTEFQTVSFSMVGLFSNNPHDLPLLCTLNKSHLYIKGGNASFKISFDDIAVLLPEYDVIIQHPADMSWCSKSDDQIWLSQWFMNAVGHDWYLDPPFLCRNRTKTEGFIFQVNTSKTGINENYAKKFKTGMHHLYREYPDSCLDGKLCLMKAQPTSWPLQCPLDHVNTLHFLTRGKNIQLPRRSLKAFFSWSLTDSSGKDTPGGYCLEEWMLVAAKMKCFGNTAVAKCNLNHDSEFCDMLRLFDYNKNAIKTLNDETKKQVNLMGQTINALISDNLLMKNKIRELMSVPYCNYTKFWYVNHTLSGQHSLPRCWLIKNNSYLNISDFRNDWILESDFLISEMLSKEYSDRQGKTPLTLVDICFWSTVFFTASLFLHLVGIPTHRHIRGEACPLPHRLNSLGGCRCGKYPNLKKPTVWRRGH
Lujo_GPC,Arenaviridae,Lujo,GPC,Class I Fusion,454,MGQIVAVFQAIPEILNEAINIVIIVIIMFTLIKGVFNLYKSGLFQLVIFLLLCGKRCDSSLLSGFNLETVHFNMSLLSSIPMVSEQQHCIQHNHSSITFSLLTNKSDLEKCNFTRLQAVDRVIFDLFREFHHRVGDFPVTSDLKCSHNTSYRVIEYEVTKESLPRLQEAVSTLFPDLHLSEDRFLQIQAHDDKNCTGLHPLNYLRLLKENSETHYKVRKLMKLFQWSLSDETGSPLPGGHCLERWLIFASDIKCFDNAAIAKCNKEHDEEFCDMLRLFDYNKASIAKLRGEASSSINLLSGRINAIISDTLLMRSSLKRLMGIPYCNYTKFWYLNHTKLGIHSLPRCWLVSNGSYLNETKFTHDMEDEADKLLTEMLKKEYVRRQEKTPITLMDILMFSVSFYMFSVTLCICNIPTHRHITGLPCPKPHRLRKNGTCACGFFKSINRSTGWAKH
Lassa_GPC,Arenaviridae,Lassa,GPC,Class I Fusion,490,MGQIVTFFQEVPHVIEEVMNIVLIALSILAILKGLYNVATCGLIGLVTFLLLSGRSCSLIYKGTYELQTLELNMETLNMTMPLSCTKNNSHHYIRVGNETGLELTLTNTSILNHKFCNLSDAHKRNLYDHSLMSIISTFHLSIPNFNQYEAMSCDFNGGKITVQYNLSHSFAVDAAGHCGTLANGVLQTFMRMAWGGSYIALDSGRGNWDCIMTSYQYLIIQNTTWDDHCQFSRPSPIGYLGLLSQRTRDIYISRRLLGTFTWTLSDSEGNETPGGYCLTRWMLIEAELKCFGNTAVAKCNEKHDEEFCDMLRLFDFNKQAIRRLKTEAQMSIQLINKAVNALINDQLIMKNHLRDIMGIPYCNYSRYWYLNHTSTGKTSLPRCWLISNGSYLNETKFSDDIEQQADNMITEMLQKEYIDRQGKTPLGLVDLFVFSTSFYLISIFLHLVKIPTHRHIVGKPCPKPHRLNHMGICSCGLYKQPGVPVRWKR
MERS_Spike,Coronaviridae,MERS,Spike,Class I Fusion,1353,MIHSVFLLMFLLTPTESYVDVGPDSVKSACIEVDIQQTFFDKTWPRPIDVSKADGIIYPQGRTYSNITITYQGLFPYQGDHGDMYVYSAGHATGTTPQKLFVANYSQDVKQFANGFVVRIGAAANSTGTVIISPSTSATIRKIYPAFMLGSSVGNFSDGKMGRFFNHTLVLLPDGCGTLLRAFYCILEPRSGNHCPAGNSHTSFATYHTPATDCSDGNYNRNASLNSFKEYFNLRNCTFMYTYNITEDEILEWFGITQTAQGVHLFSSRYVDLYGGNMFQFATLPVYDTIKYYSIIPHSIRSIQSDRKAWAAFYVYKLQPLTFLLDFSVDGYIRRAIDCGFNDLSQLHCSYESFDVESGVYSVSSFEAKPSGSVVEQAEGVECDFSPLLSGTPPQVYNFKRLVFTNCNYNLTKLLSLFSVNDFTCSQISPAAIASNCYSSLILDYFSYPLSMKSDLSVSSAGPISQFNYKQSFSNPTCLILATVPHNLTTITKPLKYSYINKCSRLLSDDRTEVPQLVNANQYSPCVSIVPSTVWEDGDYYRKQLSPLEGGGWLVASGSTVAMTEQLQMGFGITVQYGTDTNSVCPKLEFANDTKIASQLGNCVEYSLYGVSGRGVFQNCTAVGVRQQRFVYDAYQNLVGYYSDDGNYYCLRACVSVPVSVIYDKETKTHATLFGSVACEHISSTMSQYSRSTRSMLKRRDSTYGPLQTPVGCVLGLVNSSLFVEDCKLPLGQSLCALPDTPSTLTPRSVRSVPGEMRLASIAFNHPIQVDQLNSSYFKLSIPTNFSFGVTQEYIQTTIQKVTVDCKQYVCNGFQKCEQLLREYGQFCSKINQALHGANLRQDDSVRNLFASVKSSQSSPIIPGFGGDFNLTLLEPVSISTGSRSARSAIEDLLFDKVTIADPGYMQGYDDCMQQGPASARDLICAQYVAGYKVLPPLMDVNMEAAYTSSLLGSIAGVGWTAGLSSFAAIPFAQSIFYRLNGVGITQQVLSENQKLIANKFNQALGAMQTGFTTTNEAFRKVQDAVNNNAQALSKLASELSNTFGAISASIGDIIQRLDVLEQDAQIDRLINGRLTTLNAFVAQQLVRSESAALSAQLAKDKVNECVKAQSKRSGFCGQGTHIVSFVVNAPNGLYFMHVGYYPSNHIEVVSAYGLCDAANPTNCIAPVNGYFIKTNNTRIVDEWSYTGSSFYAPEPITSLNTKYVAPQVTYQNISTNLPPPLLGNSTGIDFQDELDEFFKNVSTSIPNFGSLTQINTTLLDLTYEMLSLQQVVKALNESYIDLKELGNYTYYNKWPWYIWLGFIAGLVALALCVFFILCCTGCGTNCMGKLKCNRCCDRYEEYDLEPHKVHVH
SARS2_Spike,Coronaviridae,SARS-CoV-2,Spike,Class I Fusion,1273,MFVFLVLLPLVSSQCVNLTTRTQLPPAYTNSFTRGVYYPDKVFRSSVLHSTQDLFLPFFSNVTWFHAIHVSGTNGTKRFDNPVLPFNDGVYFASTEKSNIIRGWIFGTTLDSKTQSLLIVNNATNVVIKVCEFQFCNDPFLGVYYHKNNKSWMESEFRVYSSANNCTFEYVSQPFLMDLEGKQGNFKNLREFVFKNIDGYFKIYSKHTPINLVRDLPQGFSALEPLVDLPIGINITRFQTLLALHRSYLTPGDSSSGWTAGAAAYYVGYLQPRTFLLKYNENGTITDAVDCALDPLSETKCTLKSFTVEKGIYQTSNFRVQPTESIVRFPNITNLCPFGEVFNATRFASVYAWNRKRISNCVADYSVLYNSASFSTFKCYGVSPTKLNDLCFTNVYADSFVIRGDEVRQIAPGQTGKIADYNYKLPDDFTGCVIAWNSNNLDSKVGGNYNYLYRLFRKSNLKPFERDISTEIYQAGSTPCNGVEGFNCYFPLQSYGFQPTNGVGYQPYRVVVLSFELLHAPATVCGPKKSTNLVKNKCVNFNFNGLTGTGVLTESNKKFLPFQQFGRDIADTTDAVRDPQTLEILDITPCSFGGVSVITPGTNTSNQVAVLYQDVNCTEVPVAIHADQLTPTWRVYSTGSNVFQTRAGCLIGAEHVNNSYECDIPIGAGICASYQTQTNSPRRARSVASQSIIAYTMSLGAENSVAYSNNSIAIPTNFTISVTTEILPVSMTKTSVDCTMYICGDSTECSNLLLQYGSFCTQLNRALTGIAVEQDKNTQEVFAQVKQIYKTPPIKDFGGFNFSQILPDPSKPSKRSFIEDLLFNKVTLADAGFIKQYGDCLGDIAARDLICAQKFNGLTVLPPLLTDEMIAQYTSALLAGTITSGWTFGAGAALQIPFAMQMAYRFNGIGVTQNVLYENQKLIANQFNSAIGKIQDSLSSTASALGKLQDVVNQNAQALNTLVKQLSSNFGAISSVLNDILSRLDKVEAEVQIDRLITGRLQSLQTYVTQQLIRAAEIRASANLAATKMSECVLGQSKRVDFCGKGYHLMSFPQSAPHGVVFLHVTYVPAQEKNFTTAPAICHDGKAHFPREGVFVSNGTHWFVTQRNFYEPQIITTDNTFVSGNCDVVIGIVNNTVYDPLQPELDSFKEELDKYFKNHTSPDVDLGDISGINASVVNIQKEIDRLNEVAKNLNESLIDLQELGKYEQYIKWPWYIWLGFIAGLIAIVMVTIMLCCMTSCCSCLKGCCSCGSCCKFDEDDSEPVLKGVKLHYT
Ebola_GP,Filoviridae,Ebola,GP,Class I Fusion,676,MGVTGILQLPRDRFKRTSFFLWVIILFQRTFSIPLGVIHNSTLQVSDVDKLVCRDKLSSTNQLRSVGLNLEGNGVATDVPSATKRWGFRSGVPPKVVNYEAGEWAENCYNLEIKKPDGSECLPAAPDGIRGFPRCRYVHKVSGTGPCAGDFAFHKEGAFFLYDRLASTVIYRGTTFAEGVVAFLILPQAKKDFFSSHPLREPVNATEDPSSGYYSTTIRYQATGFGTNETEYLFEVDNLTYVQLESRFTPQFLLQLNETIYTSGKRSNTTGKLIWKVNPEIDTTIGEWAFWETKKNLTRKIRSEELSFTVVSNGAKNISGQSPARTSSDPGTNTTTEDHKIMASENSSAMVQVHSQGREAAVSHLTTLATISTSPQSLTTKPGPDNSTHNTPVYKLDISEATQVEQHHRRTDNDSTASDTPSATTAAGPPKAENTNTSKSTDFLDPATTTSPQNHSETAGNNNTHHQDTGEESASSGKLGLITNTIAGVAGLITGGRRTRREAIVNAQPKCNPNLHYWTTQDEGAAIGLAWIPYFGPAAEGIYIEGLMHNQDGLICGLRQLANETTQALQLFLRATTELRTFSILNRKAIDFLLQRWGGTCHILGPDCCIEPHDWTKNITDKIDQIIHDFVDKTLPDQGDNDNWWTGWRQWIPAGIGVTGVIIAVIALFCICKFVF
Marburg_GP,Filoviridae,Marburg,GP,Class I Fusion,681,MKTTCLLISLILIQGVKTLPILEIASNIQPQNVDSVCSGTLQKTEDVHLMGFTLSGQKVADSPLEASKRWAFRAGVPPKNVEYTEGEEAKTCYNISVTDPSGKSLLLDPPTNIRDYPKCKTIHHIQGQNPHAQGIALHLWGAFFLYDRIASTTMYRGKVFTEGNIAAMIVNKTVHKMIFSRQGQGYRHMNLTSTNKYWTSSNGTQTNDTGCFGTLQEYNSTKNQTCAPSKKPLPLPTAHPEVKLTSTSTDATKLNTTDPNSDDEDLTTSGSGSGEQEPYTTSDAATKQGLSSTMPPTPSPQPSTPQQGGNNTNHSQGVVTEPGKTNTTAQPSMPPHNTTTISTNNTSKHNLSTPSVPIQNATNYNTQSTAPENEQTSAPSKTTLLPTENPTTAKSTNSTKSPTTTVPNTTNKYSTSPSPTPNSTAQHLVYFRRKRNILWREGDMFPFLDGLINAPIDFDPVPNTKTIFDESSSSGASAEEDQHASPNISLTLSYFPKVNENTAHSGENENDCDAELRIWSVQEDDLAAGLSWIPFFGPGIEGLYTAGLIKNQNNLVCRLRRLANQTAKSLELLLRVTTEERTFSLINRHAIDFLLARWGGTCKVLGPDCCIGIEDLSRNISEQIDQIKKDEQKEGTGWGLGGKWWTSDWGVLTNLGILLLLSIAVLIALSCICRIFTKYIG
SEBOV_GP,Filoviridae,Sudan ebolavirus,GP,Class I Fusion,676,MGGLSLLQLPRDKFRKSSFFVWVIILFQKAFSMPLGVVTNSTLEVTEIDQLVCKDHLASTDQLKSVGLNLEGSGVSTDIPSATKRWGFRSGVPPKVVSYEAGEWAENCYNLEIKKPDGSECLPPPPDGVRGFPRCRYVHKAQGTGPCPGDYAFHKDGAFFLYDRLASTVIYRGVNFAEGVIAFLILAKPKETFLQSPPIREAVNYTENTSSYYATSYLEYEIENFGAQHSTTLFKIDNNTFVRLDRPHTPQFLFQLNDTIHLHQQLSNTTGRLIWTLDANINADIGEWAFWENKKNLSEQLRGEELSFEALSLNETEDDDAASSRITKGRISDRATRKYSDLVPKNSPGMVPLHIPEGETTLPSQNSTEGRRVGVNTQETITETAATIIGTNGNHMQISTIGIRPSSSQIPSSSPTTAPSPEAQTPTTHTSGPSVMATEEPTTPPGSSPGPTTEAPTLTTPENITTAVKTVLPQESTSNGLITSTVTGILGSLGLRKRSRRQTNTKATGKCNPNLHYWTAQEQHNAAGIAWIPYFGPGAEGIYTEGLMHNQNALVCGLRQLANETTQALQLFLRATTELRTYTILNRKAIDFLLRRWGGTCRILGPDCCIEPHDWTKNITDKINQIIHDFIDNPLPNQDNDDNWWTGWRQWIPAGIGITGIIIAIIALLCVCKLLC
Zika_E,Flaviviridae,Zika,E,Class II Fusion,504,IRCIGVSNRDFVEGMSGGTWVDVVLEHGGCVTVMAQDKPTVDIELVTTTVSNMAEVRSYCYEASISDMASDSRCPTQGEAYLDKQSDTQYVCKRTLVDRGWGNGCGLFGKGSLVTCAKFACSKKMTGKSIQPENLEYRIMLSVHGSQHSGMIVNDTGHETDENRAKVEITPNSPRAEATLGGFGSLGLDCEPRTGLDFSDLYYLTMNNKHWLVHKEWFHDIPLPWHAGADTGTPHWNNKEALVEFKDAHAKRQTVVVLGSQEGAVHTALAGALEAEMDGAKGRLSSGHLKCRLKMDKLRLKGVSYSLCTAAFTFTKIPAETLHGTVTVEVQYAGTDGPCKVPAQMAVDMQTLTPVGRLITANPVITESTENSKMMLELDPPFGDSYIVIGVGEKKITHHWHRSGSTIGKAFEATVRGAKRMAVLGDTAWDFGSVGGALNSLGKGIHQIFGAAFKSLFGGMSWFSQILIGTLLMWLGLNTKNGSISLMCLALGGVLIFLSTAVSA
TBE_E,Flaviviridae,Tick borne encephelitis,E,Class II Fusion,496,SRCTHLENRDFVTGTQGTTRVTLVLELGGCVTITAEGKPSMDVWLDSIYQENPAKTREYCLHAKLSDTKVAARCPTMGPATLAEEHQSGTVCKRDQSDRGWGNHCGLFGKGSIVTCVKVACEAKKKATGHVYDANKIVYTVKVEPHTGDYVAANETHSGRKTASFTVSSEKTILTMGDYGDVSLLCRVASGVDLAQTVILELDKTLEHLPTAWQVHRDWFNDLALPWKHEGAQQWNNAERLVEFGAPHAVKMDVYNLGDQTGVLLKSLAGVPVAHIDGAKYHLKSGHVTCEVGLEKLKMKGLTYTMCDKTKFAWKRTPTDSGHDTVVMEVTFSGTKPCRIPVRAVAHGFPDVNVAMLITPNPTIENNGGGFIEMQLPPGDNIIYVGELSHQWFQKGSSIGRVFQKTRKGIERLTVIGEHAWDFGSTGGFLTSVGKALHTVLGGAFNSIFGGVGFLPKLLLGVALAWLGLNMRNPTMSMSFLLAGGLVLAMTLGVGA
DENV_E,Flaviviridae,Dengue,E,Class II Fusion,493,MRCVGVGNRDFVEGLSGATWVDVVLEHGGCVTTMAKNKPTLDIELQKTEATQLATLRKLCIEGKITNITTDSRCPTQGEAILPEEQDQNYVCKHTYVDRGWGNGCGLFGKGSLVTCAKFQCLESIEGKVVQHENLKYTVIITVHTGDQHQVGNETQGVTAEITPQASTAEAISPEYGTLGLECSPRTGLDFNEMILLTMKNKAWMVHRQWFFDLPLPWTSGATTKTPTWNRKELLVTFKNAHAKKQEVVVLGSQEGAMHTALTGATEIQTSGGTSIFAGHLKCRLKMDKLKLKGMSYAMCLNTFVLKKEVSETQHGTILIKVEYKGEDAPCKIPFSTEDGQGKAHNGRLITANPVVTKKEEPVNIEAEPPFGESNIVIGIGDKALKINWYRKGSSIGKMFEATARGARRMAILGDTAWDFGSVGGVLNSLGKMVHQIFGSAYTALFSGVSWIMKIGIGVLLTWIGLNSKNTSMSFSCIAIGIITLYLGVVVQA
WNV_E,Flaviviridae,West nile virus,E,Class II Fusion,296,KGSIDTCAKFACSTKATGRTILKENIKYEVAIFVHGPTTVESHGSYSTQIGATQAGRFSITPAAPSYTLKLGEYGEVTVDCEPRSGIDTNAYYVMTVGTKTFLVHREWFMDLNLPWSSAGSTVWRNRETLMEFEEPHATKQSVIALGSQEGALHQALAGAIPVEFSSNTVKLTSGHLKCRVKMEKLQLKGTTYGVCSKAFKFLGTPADTGHGTVVLELQYTGTDGPCKVPISSVASLNDLTPVGRLVTVNPFVSVATANAKVLIELEPPFGDSYIVVGRGEQQINHHWHKSGSSIG
YFV_E,Flaviviridae,Yellow fever,E,Class II Fusion,493,AHCIGITDRDFIEGVHGGTWVSATLEQDKCVTVMAPDKPSLDISLETVAIDGPAEARKVCYNAVLTHVKINDKCPSTGEAHLAEENEGDNACKRTYSDRGWGNGCGLFGKGSIVACAKFTCAKSMSLFEVDQTKIQYVIRAQLHVGAKQENWNTDIKTLKFDALSGSQEAEFTGYGKATLECQVQTAVDFGNSYIAEMEKESWIVDRQWAQDLTLPWQSGSGGVWREMHHLVEFEPPHAATIRVLALGNQEGSLKTALTGAMRVTKDTNDNNLYKLHGGHVSCRVKLSALTLKGTSYKMCTDKMSFVKNPTDTGHGTVVMQVKVPKGAPCKIPVIVADDLTAAINKGILVTVNPIASTNDDEVLIEVNPPFGDSYIIVGTGDSRLTYQWHKEGSSIGKLFTQTMKGAERLAVMGDAAWDFSSAGGLFTSIGKGIHTVFGSAFQGLFGGLSWITKVIMGAVLIWVGINTRNMTMSMSMILVGVIMMFLSLGVGA
HTNV_Gn,Hantaviridae,Hantaan,Gn,Class II Accompanying Protein,630,LKNVFDMRIQCPHSVNFGETSVSGYTELPPLSLQEAEQLVPESSCNMDNHQSLSTINKLTKVIWRKKANQESANQNSFEVVESEVSFKGLCMLKHRMVEESYRNRRSVIYYDLAGNSTFCKPTVYMIVPIHACNMMKSCLIGLGPYRIQVVYERTYCTTGILTEGKCFVPDKAVVSALKRGMYAIASIETICFFIHQKWNKYKIVTAITSAMGSKCNNTDTKVQGYYICIIGGNSAPVYAPAGEDFRAMEVFSGIITSPHGEDHDLPGEEIATYHISGQIEAKIPHTVSSKNLRLAAFAGIPSYSSTSILAASEDGRFIFSPGLFPNLNQSVCDNNALPLIWRGLIDLTGYYEAVHPCNVFCVLSGPGASCEAFSEGGIFNITSPMCLVSKQNRFRAAEQQISFVCQRVDMDIIVYCNGQKKTILTKTLVIGQCIYTITSLFSLLPGVAHSIAIELCVPGFHGWATAALLITFCFGWVLIPACTLAILLVLKFFANILHTSNQENRFKAILRKIKEEFEKRKGSMVCEICKYECETLKELKAHNLSCVQGECPYCFTHCEPTETAIQAHYKVCQATHRFREDLKKTVTPQNIGPGCYRTLNLFRYKSRCYILTMWTLLLIIESILWAASA
HTNV_Gc,Hantaviridae,Hantaan,Gc,Class II Fusion,487,AEIPLVPLWTDNAHGVGSVPMHTDLELDFSLPSSSKYTYKRHLTNPVNDQQSVSLHIEIESQGIGADVHHLGHWYDARLNLKTSFHCYGACTKYQYPWHTAKCHFEKDYEYENSWACNPPDCPGVGTGCTACGLYLDQLKPVGTAFKIISVRYSRKVCVQFGEEHLCKTIDMNDCFVTRHAKICIIGTVSKFSQGDTLLFLGPMEGGGIIFKHWCTSTCHFGDPRDVMGPKDKPFICPEFPGQFRKKCNFATTPVCEYDGNIISGYKKVLATIDSFQSFNTSNIHFTDERIEWRDPDGMLRDHINIVISKDIDFENLAENPCKVGLQAANIEGAWGSGVGFTLTCQVSLTECPTFLTSIKACDMAICYGAESVTLSRGQNTVKITGKGGHSGSSFKCCHGKECSSTGLQASAPHLDKVNGISELENEKVYDDGAPECGVTCWFKKSGEWVMGIINGNWVVLIVLCVLLLFSLILLSILCPVRKHKKS
SNV_Gn,Hantaviridae,Sin Nombre,Gn,Class II Accompanying Protein,635,GLTRNLYELKIECPHTVGLGQGYVTGSVETTPILLTQVTDLKIESSCNFDLHVPSTSIQKYNQVEWAKKSSTTESTSAGATTFEAKTKEVSLKGTCNIPVTTFEAAYKSRKTVICYDLACNQTHCLPTVHLIAPVQTCMSVRSCMIGLLSSRIQVIYEKTYCVTGQLVEGLCFIPTHTIALTQPGHTYDTMTLPITCFLVAKKLGTQLKIAVELEKLITASGCTENSFQGYYICFLGKHSEPLFVPMMDDYRSAELFTRMVLNPRGEDHDPDQNGQGLMRIAGPITAKVPSTETTETMQGIAFAGAPMYSSFSTLVRKADPDYVFSPGIIAESNHSVCDKKTIPLTWTGFLAVSGEIEKITGCTVFCTLVGPGASCEAYSETGIFNISSPTCLVNKVQKFRGSEQRINFMCQRVDQDVIVYCNGQKKVILTKTLVIGQCIYTFTSLFSLIPGVAHSLAVELCVPGLHGWATTALLITFCFGWLLIPTITMIILKILRLLTFSCSHYSTESKFKAILERVKVEYQKTMGSMVCDVCHHECETAKELETHKKSCPEGQCPYCMTMTESTESALQAHFSICKLTNRFQENLKKSLKRPEVKQGCYRTLGVFRYKSRCYVGLVWGVLLTTELIVWAASA
SNV_Gc,Hantaviridae,Sin Nombre,Gc,Class II Fusion,488,DTPLMESGWSDTAHGVGIVPMKTDLELDFALASSSSYSYRRKLVNPANKEETLPFHFQLDKQVVHAEIQNLGHWMDGTFNIKTAFHCYGECKKYAYPWQTAKCFFEKDYQYETSWGCNPPDCPGVGTGCTACGVYLDKLRSVGKAYKIVSLKFTRKVCIQLGTEQTCKHIDVNDCLVTPSVKVCLIGTISKLQPGDTLLFLGPLEQGGIILKQWCTTSCVFGDPGDIMSTTTGMKCPEHTGSFRKICGFATTPTCEYQGNTISGFQRMMATRDSFQSFNVTEPHITSNRLEWIDPDSSIKDHINMVLNRDVSFQDLSDNPCKVDLHTQSIDGAWGSGVGFTLVCTVGLTECANFITSIKACDSAMCYGATVTNLLRGSNTVKVVGKGGHSGSLFKCCHDTDCTEEGLAASPPHLDRVTGYNQIDSDKVYDDGAPPCTIKCWFTKSGEWLLGILNGNWVVVAVLIVILILSILLFSFFCPIRGRKNKSN
HEV3_orf2,Hepeviridae,Palsa Hepevirus Balayani Genotype 3,ORF2,Capsid,660,MRPRAVLLLLFVLLPMLPAPPAGQPSGRRRGRRSGGTGGGFWGDRVDCQPFALPYIHPTNPFAADVVPQPGAGARPRQPARPLGSSWRDQSLRPPAASRRRSAPAGAAPLTAVSPAPDSAPVPDVDSRGAILRRQYNLSTSPLTSSVASGTNLVLYAAPLNPLLPLQDGTNTHIMATEASNYAQYRVVRATIRYRPLVPNAVGGYAISISFWPQTTTTPTSVDMNSITSTDVRILVQPGIASELVIPSERLHYRNQGWRSVETSGVAEEEATSGLVMLCIHGSPVNSYTNTPYTGALGLLDFALELEFRNLTPGNTNIRVSRYTSTARHRLRRGADGTAELTTTAATRFMKDLHFTGTNGVGEVGRGIALTLFNLADTLLGGLPTELISSAGGQLFYSRPVVSANGEPTVKLYTSVENAQQDKGIAIPHDIDLGESRVVIQDYDNQHEQDRPTPSPAPSRPFSVLRANDVLWLSLTAAEYDQTTYGSSTNPMYVSDTVTFVNVATGAQAVARSLDWSKVTLDGRPLTTIQQYSKTFYVLPLRGKLSFWEAGTTKAGYPYNYNTTASDQILIENAAGHRVAISTYTTSLGAGPVSVSAVGVLAPHSALAVLEDTVDYPARAHTFDDFCPECRNLGLQGCAFQSTIAELQRLKMKVGKTRES
IAV_H1,Orthomyxoviridae,Influenza A,H1,Class I Fusion,566,MKAILVVMLYTFTTANADTLCIGYHANNSTDTVDTVLEKNVTVTHSVNLLEDKHNGKLCKLKGVAPLHLGQCNIAGWILGNPECESLSTARSWSYIVETSNSDNGTCYPGDFINYEELREQLSSVSSFERFEIFPKTSSWPNHDSDNGVTAACSHAGARSFYKNLVWLVRKGKSYPKINQTYINDKGKEVLVLWGIHHPPTITDQESLYQNADAYVFVGTSRYSKKFKPEIAARPKVRDQAGRMNYYWTLVEPGDKITFEATGNLVAPRYAFTMEKEAGSGIIISDTPVHDCNATCQTPEGAINTSLPFQNVHPITIGKCPKYVRSTKLRLATGLRNVPSIQSRGLFGAIAGFIEGGWTGMVDGWYGYHHQNDQGSGYAADLKSTQNAIDKITNKVNSVIEKMNTQFTAVGKEFNHLEKRIENLNKKVDDGFLDVWTYNAELLVLLENERTLDYHDSNVKNLYEKVRHQLKNNAKEIGNGCFEFYHKCDNTCMESVKNGTYDYPKYSEEAKLNREKIYGVKLDSTRIYQILAIYSTVASSLVLVVSLGAISFWMCSNGSLQCRICI
IAV_H2,Orthomyxoviridae,Influenza A,H2,Class I Fusion,562,MAIIYLILLFTAVRGDQICIGYHANNSTEKVDTNLERNVTVTHAKDILEKTHNGKLCKLNGIPPLELGDCSIAGWLLGNPECDRLLSVPEWSYIMEKENPRDGLCYPGSFNDYEELKHLLSSVKHFEKVKILPKDRWTQHTTTGGSRACAVSGNPSFFRNMVWLTKEGSDYPVAKGSYNNTSGEQMLIIWGVHHPIDETEQRTLYQNVGTYVSVGTSTLNKRSTPEIATRPKVNGQGGRMEFSWTLLDMWDTINFESTGNLIAPEYGFKISKRGSSGIMKTEGTLENCETKCQTPLGAINTTLPFHNVHPLTIGECPKYVKSEKLVLATGLRNVPQIESRGLFGAIAGFIEGGWQGMVDGWYGYHHSNDQGSGYAADKESTQKAFDGITNKVNSVIEKMNTQFEAVGKEFGNLERRLENLNKRMEDGFLDVWTYNAELLVLMENERTLDFHDSNVKNLYDKVRMQLRDNVKELGNGCFEFYHKCDDECMNSVKNGTYDYPKYEEESKLNRNEIKGVKLSSMGVYQILAIYATVAGSLSLAIMMAGISFWMCSNGSLQCRICI
IAV_H5,Orthomyxoviridae,Influenza A,H5,Class I Fusion,567,MENIVLLLAIVSLVKSDQICIGYHANNSTEQVDTIMEKNVTVTHAQDILEKTHNGKLCDLNGVKPLILKDCSVAGWLLGNPMCDEFIRVPEWSYIVERANPANDLCYPGSLNDYEELKHMLSRINHFEKILIIPKSSWPNHETSLGVSAACPYQGAPSFFRNVVWLIKKNDAYPTIKISYNNTNREDLLILWGIHHSNNAEEQTNLYKNPTTYISVGTSTLNQRLAPKIATRSQVNGQRGRMDFFWTILKPDDAIHFESNGNFIAPEYAYKIVKKGDSTIMKSGVEYGHCNTKCQTPVGAINSSMPFHNIHPLTIGECPKYVKSNKLVLATGLRNSPLREKRRKRGLFGAIAGFIEGGWQGMVDGWYGYHHSNEQGSGYAADKESTQKAIDGVTNKVNSIIDKMNTQFEAVGREFNNLERRIENLNKKMEDGFLDVWTYNAELLVLMENERTLDFHDSNVKNLYDKVRLQLRDNAKELGNGCFEFYHKCDNECMESVRNGTYDYPQYSEEARLKREEISGVKLESVGTYQILSIYSTAASSLALAIMMAGLSLWMCSNGSLQCRICI
IAV_H6,Orthomyxoviridae,Influenza A,H6,Class I Fusion,566,MIAFIVIAILAATGESDKICIGYHANNSTTKVDTILEKNVTVTHSVELLENQKEERFCKISNKAPLDLRDCTLEGWILGNPRCGILLADQSWSYIVERPNARNGICYPGILNGAEELKALIGSGERVERFEMFPKSTWAGVDTNSGVSSACPLGNGPSSYRNLLWIIKLKSSEYPVIRGTFNNTGDKSILYFWGVHHPPVTTEQEALYGSGNRYVRMGTESMNFARSPEIAARPAVNGQRGRIDYFWSILKPGETLNVESNGNLIAPWYAYRFVNKDSNGAIFRSNLPIENCDATCQTTEGVIRTNKTFQNVSPLWIGECPKYVKSKSLRLATGLRNVPQIETRGLFGAIAGFIEGGWTGMIDGWYGYHHENSQGSGYAADRESTQKAIDGITNKVNSIIDKMNTQFEAVGHEFSNLERRIDNLNKRMEDGFLDVWTYNAELLVLLENERTLDLHDANVKNLHEKVRSQLRDNANDLGNGCFEFWHKCDNECMESVKNGTYDYPKYQTESRLNRQKIESVKLENFDVYQILAIYSTVSSSLVLVGLIMAMGLWMCSNGSMQCRICI
IAV_H3,Orthomyxoviridae,Influenza A,H3,Class I Fusion,566,MKAIIALSNILCLVFAQKIPGNDNSTATLCLGHHAVPNGTIVKTITNDRIEVTNATELVQNSSIGKICNSPHQILDGGNCKLIDALLGDPQCDGFQNKEWDLFVERSRANSSCYPYDVPDYASLRSLVASSGTLEFKDENFNWTGVKQNGTSSACKRGSSSSFFSRLNWLTSLNNIYPAQNVTMPNKEQFDKLYIWGVHHPDTDKNQFSLFAQSSGRITVSTKRSQQAVIPNIGSRPRVRDIPSRISIYWTIVKPGDILLINSTGNLIAPRGYFKIRSGKSSIMRSDAPIGECKSECITPNGSIPNDKPFQNVNRITYGACPRYVKQSTLKLATGMRNVPEKQTRGIFGAIAGFIENGWEGMVDGWYGFRHQNSEGRGQAADLKSTQAAIDQISGKLNRLIGKTNEKFHQIEKEFSEVEGRVQDLEKYVEDTKIDLWSYNAELLVALENQHTIDLTDSEMNKLFEKTKKQLRENAEDMGNGCFKIYHKCDNACIGSIRNETYDHNVYRDEALNNRFQIKGVELKSGYKDWILWISFAMSCFLLCIALLGFIMWACQKGNIRCNICI
IAV_H7,Orthomyxoviridae,Influenza A,H7,Class I Fusion,558,PSILVFALIAIIPANADKICLGHHAVSNGTKVNTLTERGVEVVNATETVERTNIPRICSKGKRTVDLGQCGLLGTITGPPQCDQFLEFSADLIIERREGSDVCYPGKFVNEEALRQILRESGGIDKEAMGFTYNGIRTNGATSACRRSGSSFYAEMKWLLSNTDNAAFPQMTKSYKNTRKSPAIIVWGIHHSVSTAEQTKLYGSGNKLVTVGSSNYQQSFVPSPGARPQVNGLSGRIDFHWLMLNPNDTVTFSFNGAFIAPDRASFLRGKSMGIQSGVQVDANCEGNCYHSGGTIISNLPFQNIDSRAVGKCPRYVKQRSLLLATGMKNVPEIPKGRGLFGAIAGFIENGWEGLIDGWYGFRHQNAQGEGTAADYKSTQSAIDQITGKLNRLIAKTNQQFELIDNEFNEVEKQIGNVINWTRDSITEVWSYNAELLVAMENQHTIDLADSEMDKLYERVKRQLRENAEEDGTGCFEIFHKCDDDCMASIRNNTYDHRKYREEAMQNRIQIDPVKLSSGYKDVILWFSFGASCFILLAIVMGLVFICVKNGNMRCTICI
IAV_H10,Orthomyxoviridae,Influenza A,H10,Class I Fusion,561,MYKVVVIIALLGAVKGLDRICLGHHAVANGTIVKTLTNEQEEVTNATETVESTNLNKLCMKGRSYKDLGNCHPVGMLIGTPVCDPHLTGTWDTLIERENAIAHCYPGATINEEALRQKIMESGGISKMSTGFTYGSSITSAGTTKACMRNGGDSFYAELKWLVSKTKGQNFPQTTNTYRNTDTAEHLIIWGIHHPSSTQEKNDLYGTQSLSISVESSTYQNNFVPVVGARPQVNGQSGRIDFHWTLVQPGDNITFSDNGGLIAPSRVSKLTGRDLGIQSEALIDNSCESKCFWRGGSINTKLPFQNLSPRTVGQCPKYVNQRSLLLATGMRNVPEVVQGRGLFGAIAGFIENGWEGMVDGWYGFRHQNAQGTGQAADYKSTQAAIDQITGKLNRLIEKTNTEFESIESEFSETEHQIGNVINWTKDSITDIWTYNAELLVAMENQHTIDMADSEMLNLYERVRKQLRQNAEEDGKGCFEIYHTCDDSCMESIRNNTYDHSQYREEALLNRLNINPVKLSSGYKDIILWFSFGESCFVLLAVVMGLVFFCLKNGNMRCTICI
NiV_F,Paramyxoviridae,Nipah,F,Class I Fusion,546,MVVILDKRCYCNLLILILMISECSVGILHYEKLSKIGLVKGVTRKYKIKSNPLTKDIVIKMIPNVSNMSQCTGSVMENYKTRLNGILTPIKGALEIYKNNTHDLVGDVRLAGVIMAGVAIGIATAAQITAGVALYEAMKNADNINKLKSSIESTNEAVVKLQETAEKTVYVLTALQDYINTNLVPTIDKISCKQTELSLDLALSKYLSDLLFVFGPNLQDPVSNSMTIQAISQAFGGNYETLLRTLGYATEDFDDLLESDSITGQIIYVDLSSYYIIVRVYFPILTEIQQAYIQELLPVSFNNDNSEWISIVPNFILVRNTLISNIEIGFCLITKRSVICNQDYATPMTNNMRECLTGSTEKCPRELVVSSHVPRFALSNGVLFANCISVTCQCQTTGRAISQSGEQTLLMIDNTTCPTAVLGNVIISLGKYLGSVNYNSEGIAIGPPVFTDKVDISSQISSMNQSLQQSKDYIKEAQRLLDTVNPSLISMLSMIILYVLSIASLCIGLITFISFIIVEKKRNTYSRLEDRRVRPTSSGDLYYIGT
NiV_G,Paramyxoviridae,Nipah,G,Non-fusion Receptor Binding Protein,602,MPAENKKVRFENTTSDKGKIPSKVIKSYYGTMDIKKINEGLLDSKILSAFNTVIALLGSIVIIVMNIMIIQNYTRSTDNQAVIKDALQGIQQQIKGLADKIGTEIGPKVSLIDTSSTITIPANIGLLGSKISQSTASINENVNEKCKFTLPPLKIHECNISCPNPLPFREYRPQTEGVSNLVGLPNNICLQKTSNQILKPKLISYTLPVVGQSGTCITDPLLAMDEGYFAYSHLERIGSCSRGVSKQRIIGVGEVLDRGDEVPSLFMTNVWTPPNPNTVYHCSAVYNNEFYYVLCAVSTVGDPILNSTYWSGSLMMTRLAVKPKSNGGGYNQHQLALRSIEKGRYDKVMPYGPSGIKQGDTLYFPAVGFLVRTEFKYNDSNCPITKCQYSKPENCRLSMGIRPNSHYILRSGLLKYNLSDGENPKVVFIEISDQRLSIGSPSKIYDSLGQPVFYQASFSWDTMIKFGDVLTVNPLVVNWRNNTVISRPGQSQCPRFNTCPEICWEGVYNDAFLIDRINWISAGVFLDSNQTAENPVFTVFKDNEILYRAQLASEDTNAQKTITNCFLLKNKIWCISLVEIYDTGDNVIRPKLFAVKIPEQCT
OROV_G1,Peribunyaviridae,Oropouche,G1,Class II Fusion,885,PDTVNDQFNKIEFAQDAHRMILLERILYKTECEMLSLKKNSGPYNVAWRTYLKNHNIDLCSRHNYKMICQCINTHSMCKNTDIDYNKEIETYYKSNAAAYRADLNTIMDTLKTAFRGLTKVLIENYIEKDDSDALKALFSNITDSVQDNYQMIGILKFASKLLDINLGRSTRSAHHSIMTNEIPKSNPFTDYSYSNVNIKECMSPESLKCFKKRDSTPHTNHLLCKIDSKYKAFDWPEIETIQKGQKLCLGDSHCNLEFTAITADKIMSLTNCYKESFTAQPADMQTGIKKCSADEIGECTTLEDKTWPIVFCGGKYYYSDSKEHAKDGSINNYCLTNKCSEQRFPIHENWFKKCNWDKTHKEFSTMRQINYNDITSYRKAIESEIGSDLMTHHYKPTKNLPHVVPRYHSIDVQGTESTEGIINGFIQNTIPAISGLGVGYHLNFKGNQLFDIVIFVKKAVYKAQYQKAYTTGPSISINIEHNERCTGHCPEKIPAKEGWLTFSKEHTSSWGCEEYGCLAIDTGCLYGSCQDVIRPELDVYKKIGSEVSLIEICITLPHETYCNDMDILEPIIGDKLSASFQNTQTNQLPTLIAYKKGKIYTGQINDIGNTALQCGSIQVINGSTIGTGSPKFDYICHAMRRKDVIVRKCFNDNYQSCTRLEKRNDLIPYRKGDVIEVSKTGSNMGQMTFKIELGDVNYKIFTKSIDLQMSGICAGCIDCAEGISCSINAEVPAETVCHCKTNCEDFINNIVFSPQIKNYNIKVHCKSKVEKIIAHICGRDIDLQLTVKPYNQKIDLSQLDESNYIREEDLQCGTWLCKVQKEGVDIIFKGLFSGLGRYWTILIYSIIGVVIIVILVYILLPIGRLLKAFLIRHEIEYAMEQKIK
OROV_G2,Peribunyaviridae,Oropouche,G2,Class II Accompanying Protein,280,RCFAGGNLFKEMNLSVGLGEICVKDDISIVKSTTVFSKNRPALEATTKFYRSFIVKDWSECNPVLDKFGNFMVLSVDDNGHIMPKMYTCRAACDIRLNKDNAEIILSSTKLNHFEIVGTTSTSGWFKNTITNNLEHTCEHVTVNCGQKSVKFHACFRQHRGCIRFFKGTYMPYSMIEAMCVNIELIILTLYIFAAIIFALIITKSYVAYLLLPLFYPVTWFYGKVYKKINSCPNCLLASHPFTSCPKICICGSRFSCTEALKVHRMGKDCLGYKSLSKAR
RVF_Gn,Phenuiviridae,Rift valley fever,Gn,Class II Accompanying Protein,316,EDPHLRNRPGKGHNYIDGMTQEDATCKPVTYAGACSSFDVLLEKGKFPLFQSYAHHRTLLEAVHDTIIAKADPPSCDLQSAHGNPCMKEKLVMKTHCPNDYQSAHYLNNDGKMASVKCPPKYELTEDCNFCRQMTGASLKKGSYPLQDLFCQSSEDDGSKLKTKMKGVCEVGVQALKKCDGQLSTAHEVVPFAVFKNSKKVYLDKLDLKTEENLLPDSFVCFEHKGQYKGTIDSGQTKRELKSFDISQCPKIGGHGSKKCTGDAAFCSAYECTAQYANAYCSHANGSGIVQIQVSGVWKKPLCVGYERVVVKRELS
SFTS_Gn,Phenuiviridae,Dabie bandavirus (SFTS),Gn,Class II Accompanying Protein,543,DSGPIICAGPIHSNKSAGIPHLLGYSEKICQIDRLIHVSSWLRNHSQFQGYVGQRGGRSQVSYYPAENSYSRWSGLLSPCDADWLGMLVVKKAKESDMIVPGPSYKGKVFFERPTFDGYVGWGCGSGKSRTESGELCSSDSGTSSGLLPSDRVLWIGDVACQPMTPIPEETFLELKSFSQSEFPDICKIDGIVFNQCEGESLPQPFDVAWMDVGHSHKIIMREHKTKWVQESSSKDFVCYKEGTGPCSESEEKACKTSGSCRGDMQFCKVAGCEHGEEASEAKCRCSLVHKPGEVVVSYGGMRVRPKCYGFSRMMATLEVNPPEQRIGQCTGCHLECINGGVRLITLTSELRSATVCASHFCSSASSGKKSTEIHFHSGSLVGKTAIHVKGALVDGTEFTFEGSCMFPDGCDAVDCTFCREFLKNPQCYPAKKWLFIIIVILLGYAGLMLLTNVLKAIGVWGSWVIAPVKLMFAIIKKLMRTVSCLVGKLMDRGRQVIHEEIGENGEGNQDDVRIEMARPRRVRHWMYSPVILTILAIGLAEG
SFTS_Gc,Phenuiviridae,Dabie bandavirus (SFTS),Gc,Class II Fusion,511,CDEMVHADSKLVSCRQGSGNMKECITTGRALLPAVNPGQEACLHFTAPGSPDSKCLKIKVKRINLKCKKSSSYFVPDARSRCTSVRRCRWAGDCQSGCPPHFTSNSFSDDWAGKMDRAGLGFSGCSDGCGGAACGCFNAAPSCIFWRKWVENPHGIIWKVSPCAAWVPSAVIELTMPSGEVRTFHPMSGIPTQVFKGVSVTYLGSDMEVSGLTDLCEIEELKSKKLALAPCNQAGMGVVGKVGEIQCSSEESARTIKKDGCIWNADLVGIELRVDDAVCYSKITSVEAVANYSAIPTTIGGLRFERSHDSQGKISGSPLDITAIRGSFSVNYRGLRLSLSEITATCTGEVTNVSGCYSCMTGAKVSIKLHSSKNSTAHVRCKGDETAFSVLEGVHSYIVSLSFDHAVVDEQCQLNCGGHESQVTLKGNLIFLDVPKFVDGSYMQTYHSTVPTGANIPSPTDWLNALFGNGLSRWILGVIGVLLGGLALFFLIMFLLKLGTKQVFRSRTKLA
hPBV_capsid,Picobirnavirus,Human picobirnavirus,Capsid,Capsid,487,AYPIGQYYDTGYSVASATEWSKYVDTSLTIPGVMCVNFTPTPGESYNKNSPINIAAQNVYTYVRHMNSGHANYEQADLMMYLLAMDSLYIFHSYVRKILAISKLYTPVNKYFPRALLVALGVDPEDVFANQAQWEYFVNMVAYRAGAFAAPASMTYYERHAWMSNGLYVDQDVTRAQIYMFKPTMLWKYENLGTTGTKLVPLMMPKAGDNRKLVDFQVLFNNLVSTMLGDEDFGIMSGDVFKAFGADGLVKLLAVDSTTMTLPTYDPLILAQIHSARAVGAPILETSTLTGFPGRQWQITQNPDVNNGAIIFHPSFGYDGQDHEELSFRAMCSNMILNLPGEAHSAEMIIEATRLATMFQVKAVPAGDTSKPVLYLPNGFGTEVVNDYTMISVDKATPHDLTIHTFFNNILVPNAKENYVANLELLNNIIQFDWAPQLYLTYGIAQESFGPFAQLNDWTILTGETLARMHEVCVTSMFDVPQMGFNK
polio_capsid,Picornaviridae,Polio,Capsid,Capsid,881,MGAQVSSQKVGAHENSNRAYGGSTINYTTINYYKDSASNAASKQDYSQDPSKFTEPLKDVLIKTAPALNSPNVEACGYSDRVLQLTLGNSTITTQEAANSVVAYGRWPEFIRDDEANPVDQPTEPDVATCRFYTLDTVMWGKESKGWWWKLPDALRDMGLFGQNMYYHYLGRSGYTVHVQCNASKFHQGALGVFAIPEYCLAGDSDKQRYTSYANANPGERGGKFYSQFNKDNAVTSPKREFCPVDYLLGCGVLLGNAFVYPHQIINLRTNNSATIVLPYVNALAIDSMVKHNNWGIAILPLSPLDFAQDSSVEIPITVTIAPMCSEFNGLRNVTAPKFQGLPVLNTPGSNQYLTSDNHQSPCAIPEFDVTPPIDIPGEVKNMMELAEIDTMIPLNLESTKRNTMDMYRVTLSDSADLSQPILCLSLSPAFDPRLSHTMLGEVLNYYTHWAGSLKFTFLFCGSMMATGKILVAYAPPGAQPPTSRKEAMLGTHVIWDLGLQSSCTMVVPWISNVTYRQTTQDSFTEGGYISMFYQTRIVVPQSTPKSMSMLGFVSACNDFSVRLLRDTTHISQSALPQGIEDLISEVAQGALTLSLPKQQDSLPDTKASGPAHSKEVPALTAVETGATNPLAPSDTVQTRHVVQRRSRSESTIESFFARGACVAIIEVDNEQPTTRAQKLFAMWRITYKDTVQLRRMLEFFTYSRFDMEFTFVVTANFTNANNGHALNQVYQIMYIPPGAPTPKSWDDYTWQTSSNPSIFYTYGAAPARISVPYVGLANAYSHFYDGFAKVPLKTDANDQIGDSLYSAMTVDDFGVLAVRVVNDHNPTKVTSKVRIYMKPKHVRVWCPRPPRAVPYYGPGVDYRNNLDPLSEKGLTTYGFG
EV-D68_VP1,Picornaviridae,EV-D68,VP1,Capsid,309,SNHLHGAEAAYQVESIIKTATDTVKSEINAELGVVPSLNAVETGATSNTEPEEAIQTRTVINQHGVSETLVENFLGRAALVSKKSFEYKNHASSSAGTHKNFFKWTINTKSFVQLRRKLELFTYLRFDAEITILTTVAVNGNNDSTYMGLPDLTLQAMFVPTGALTPKEQDSFHWQSGSNASVFFKISDPPARMTIPFMCINSAYSVFYDGFAGFEKNGLYGINPADTIGNLCVRIVNEHQPVGFTVTVRVYMKPKHIKAWAPRPPRTMPYMSIANANYKGRDTAPNTLNAIIGNRASVTTMPHNIVTT
EV71_VP1,Picornaviridae,EV71,VP1,Capsid,297,GDRVADVIESSIGDSVSRALTQALPAPTGQNTQVSSHRLDTGEVPALQAAEIGASSNTSDESMIETRCVLNSHSTAETTLDSFFSRAGLVGEIDLPLEGTTNPNGYANWDIDITGYAQMRRKVELFTYMRFDAEFTFVACTPTGEVVPQLLQYMFVPPGAPKPESRESLAWQTATNPSVFVKLTDPPAQVSVPFMSPASAYQWFYDGYPTFGEHKQEKDLEYGACPNNMMGTFSVRTVGSSKSKYPLVVRIYMRMKHVRAWIPRPMRNQNYLFKANPNYAGNSIKPTGTSRNAITTL
hMPV_G,Pneumoviridae,Human Metapneuomovirus,G,Non-fusion Receptor Binding Protein,585,MEVKVENVGKSQELKVKVKNFIKRSDCKKKLFALILGLVSFELTMNIMLSVMYVESNEALSLCRIQGTPAPRDNKTNTENATKETTLHTTTTTRDPEVRETKTTKPQANEGATNPSRNLTTKGDKHQTTRATTEAELEKQSKQTTEPGTSTQKHTPTRPSSKSPTTTQAIAQLTTPTTPKASTAPKNRQATTKKTETDTTTASRARNTDSPTGTATATPKAAAEAGKSKEGPTQHTTKEQPGATAGETATPQPRRTASRPAPTTKIEEEAETTKTRTTKSTQTSTGPPRPTGGAPSGAATEGSGRAAAAGGPSAASAGGRRRTEAAAERDRRTRAGAGPTAGGARARTAAASERGADTAGSAGGGPGGDGATGGLSGGAPAERGDASGGTAAAGPGDGTEADGRAPPAAALAGRTTESAAGAAGDSGRAGTAGWGSAADGRSTGGNAAAEAGAAQSGRAAPRQPSGGTAPESTAPPNSGGSGRADAAPTEEVGVGSGLWRGRYVCGPCGESVPEHPMNPCFGDGTAWICSDDGGSLPAGCYDGGTDGVVCCGVCGGNSCCCGRVECTCGGGAGLLSCCCGSYSWS
hMPV_F,Pneumoviridae,Human Metapneuomovirus,F,Class I Fusion,539,MSWKVVIIFSLLITPQHGLKESYLEESCSTITEGYLSVLRTGWYTNVFTLEVGDVENLTCSDGPSLIKTELDLTKSALRELKTVSADQLAREEQIENPRQSRFVLGAIALGVATAAAVTAGVAIAKTIRLESEVTAIKNALKTTNEAVSTLGNGVRVLATAVRELKDFVSKNLTRAINKNKCDIDDLKMAVSFSQFNRRFLNVVRQFSDNAGITPAISLDLMTDAELARAVSNMPTSAGQIKLMLENRAMVRRKGFGILIGVYGSSVIYMVQLPIFGVIDTPCWIVKAAPSCSGKKGNYACLLREDQGWYCQNAGSTVYYPNEKDCETRGDHVFCDTAAGINVAEQSKECNINISTTNYPCKVSTGRHPISMVALSPLGALVACYKGVSCSIGSNRVGIIKQLNKGCSYITNQDADTVTIDNTVYQLSKVEGEQHVIKGRPVSSSFDPIKFPEDQFNVALDQVFENIENSQALVDQSNRILSSAEKGNTGFIIVIILIAVLGSSMILVSIFIIIKKTKKPTGAPPELSGVTNNGFIPHS
HIV1_Env,Retroviridae,HIV-1,Env,Class I Fusion,853,MRVKEKYQHLWRWGWKWGIMLLGILMICSATENLWVTVYYGVPVWKEATTTLFCASDAKAYDTEVHNVCATHACVPTDPNPQEVILVNVTENFDMWKNDMVEQMHEDIISLWDQSLKPCVKLTPLCVNLKCTDLKNDTNTNSSNGRMIMEKGEIKNCSFNISTSIRNKVQKEYAFFYKLDIRPIDNTTYRLISCNTSVITQACPKVSFEPIPIHYCAPAGFAILKCNDKTFNGTGPCTNVSTVQCTHGIRPVVSTQLLLNGSLAEEEGVIRSANFTDNAKTIIVQLNTSVEINCTRPNNNTRKSIRIQRGPGRAFVTIGKIGNMRQAHCNISRAKWMSTLKQIASKLREQFGNNKTVIFKQSSGGDPEIVTHSFNCGGEFFYCNSTQLFNSTWFNSTWSTEGSNNTEGSDTITLPCRIKQFINMWQEVGKAMYAPPISGQIRCSSNITGLLLTRDGGKNTNESEVFRPGGGDMRDNWRSELYKYKVVKIETLGVAPTKAKRRVVQREKRAVGIGALFLGFLGAAGSTMGAASMTLTVQARQLLSGIVQQQNNLLRAIEAQQHLLQLTVWGIKQLQARILAVERYLKDQQLLGIWGCSGKLICTTAVPWNASWSNKSLEQFWNNMTWMEWDREINNYTSLIHSLIDESQNQQEKNEQELLELDKWASLWNWFNITNWLWYIKIFIMIVGGLVGLRIVFAVLSIVNRVRQGYSPLSFQTHLPNRGGPDRPEGIEEEGGERDRDRSVRLVNGSLALIWDDLRSLCLFSYHRLRDLLLIVTRIVELLGRRGWEALKYWWNLLQYWSQELKNSAVSLLNATAIAVAEGTDRVIEVVQGAYRAIRHIPRRIRQGLERIL
VSV_GP,Rhabdoviridae,VSV,GP,Class III Fusion,511,MKCLLYLAFLFIGVNCKFTIVFPHNQKGNWKNVPSNYHYCPSSSDLNWHNDLIGTALQVKMPKSHKAIQADGWMCHASKWVTTCDFRWYGPKYITHSIRSFTPSVEQCKESIEQTKQGTWLNPGFPPQSCGYATVTDAEAAIVQVTPHHVLVDEYTGEWVDSQFINGKCSNDICPTVHNSTTWHSDYKVKGLCDSNLISTDITFFSEDGELSSLGKEGTGFRSNYFAYETGDKACKMQYCKHWGVRLPSGVWFEMADKDLFAAARFPECPEGSSISAPSQTSVDVSLIQDVERILDYSLCQETWSKIRAGLPISPVDLSYLAPKNPGTGPVFTIINGTLKYFETRYIRVDIAAPILSRMVGMISGTTTERELWDDWAPYEDVEIGPNGVLRTSLGYKFPLYMIGHGMLDSDLHLSSKAQVFEHPHIQDAASQLPDDETLFFGDTGLSKNPIEFVEGWFSSWKSSIASFFFIIGLIIGLFLVLRVGIYLCIKLKHTKKRQIYTDIEMNRLGK
CHIKV_E1,Togaviridae,Chikungunya,E1,Class II Fusion,439,YEHVTVIPNTVGVPYKTLVNRPGYSPMVLEMELLSVTLEPTLSLDYITCEYKTVIPSPYVKCCGTAECKDKNLPDYSCKVFTGVYPFMWGGAYCFCDAENTQLSEAHVEKSESCKTEFASAYRAHTASASAKLRVLYQGNNITVTAYANGDHAVTVKDAKFIVGPMSSAWTPFDNKIVVYKGDVYNMDYPPFGAGRPGQFGDIQSRTPESKDVYANTQLVLQRPAAGTVHVPYSQAPSGFKYWLKERGASLQHTAPFGCQIATNPVRAVNCAVGNMPISIDIPEAAFTRVVDAPSLTDMSCEVPACTHSSDFGGVAIIKYAASKKGKCAVHSMTNAVTIREAEIEVEGNSQLQISFSTALASAEFRVQVCSTQVHCAAECHPPKDHIVNYPASHTTLGVQDISATAMSWVQKITGGVGLVVAVAALILIVVLCVSFSRH
CHIKV_E2,Togaviridae,Chikungunya,E2,Class II Accompanying Protein,423,STKDNFNVYKATRPYLAHCPDCGEGHSCHSPVALERIRNEATDGTLKIQVSLQIRIKTDDSHDWTKLRYMDNHMPADAERAGLFVRTSAPCTITGTMGHFILARCPKGETLTVGFTDSRKISHSCTHPFHHDPPVIGREKFHSRPQHGKELPCSTYVQSTAATTEEIEVHMPPDTPDRTLMSQQSGNVKITVNGQTVRYKCNCGGSNEGLTTTDKVINNCKVDQCHAAITNHKKWQYNSPLVPRNAELGDRKGKIHIPFPLANVTCRVPKARNPTVTYGKNQVIMLLYPDHPTLLSYRNMGEEPNYQEEWVMHKKEVVLTVPTEGLEVTWGNNEPYKYWPQLSTNGTAHGHPHEIILYYYELYPTMTVVVVSVATFILLSMVGMAAGMCMCARRRCITPYELTPGATVPFLLSLICCIRTAKA
VEE_E1,Togaviridae,VEE,E1,Class II Fusion,502,RTARAETTWESLDHLWNNNQQMFWIQLLIPLAALIVVTRLLRCVCCVVPFLVMAGAAAPAYEHATTMPSQAGISYNTIVNRAGYAPLPISITPTKIKLIPTVNLEYVTCHYKTGMDSPAIKCCGSQECTPTYRPDEQCKVFTGVYPFMWGGAYCFCDTENTQVSKAYVMKSDDCLADHAEAYKAHTASVQAFLNITVGEHSIVTTVYVNGETPVNFNGVKITAGPLSTAWTPFDRKIVQYAGEIYNYDFPEYGAGQPGAFGDIQSRTVSSSDLYANTNLVLQRPKAGAIHVPYTQAPSGFEQWKKDKAPSLKFTAPFGCEIYTNPIRAENCAVGSIPLAFDIPDALFTRVSETPTLSAAECTLNECVYSSDFGGIATVKYSASKSGKCAVHVPSGTATLKEAAVELTEQGSATIHFSTANIHPEFRLQICTSYVTCKGDCHPPKDHIVTHPQYHAQTFTAAVSKTAWTWLTSLLGGSAVIIIIGLVLATIVAMYVLTNQKHN
VEE_E2,Togaviridae,VEE,E2,Class II Accompanying Protein,479,SLVTTMCLLANVTFPCAQPPICYDRKPAETLAMLSVNVDNPGYDELLEAAVKCPGRKRRSTEELFNEYKLTRPYMARCIRCAVGSCHSPIAIEAVKSDGHDGYVRLQTSSQYGLDSSGNLKGRTMRYDMHGTIKEIPLHQVSLYTSRPCHIVDGHGYFLLARCPAGDSITMEFKKDSVRHSCSVPYEVKFNPVGRELYTHPPEHGVEQACQVYAHDAQNRGAYVEMHLPGSEVDSSLVSLSGSSVTVTPPDGTSALVECECGGTKISETINKTKQFSQCTKKEQCRAYRLQNDKWVYNSDKLPKAAGATLKGKLHVPFLLADGKCTVPLAPEPMITFGFRSVSLKLHPKNPTYLITRQLADEPHYTHELISEPAVRNFTVTEKGWEFVWGNHPPKRFWAQETAPGNPHGLPHEVITHYYHRYPMSTILGLSICAAIATVSVAASTWLFCRSRVACLTPYRLTPNARIPFCLAVLCCART