mutant,mutated_sequence,DMS_score
G1Q,QAYTGVPNQKPRVPTLRQAKVQ,-3.64911040404515
G1R,RAYTGVPNQKPRVPTLRQAKVQ,-3.64911040404515
G1S,SAYTGVPNQKPRVPTLRQAKVQ,-3.64911040404515
G1T,TAYTGVPNQKPRVPTLRQAKVQ,-3.64911040404515
G1P,PAYTGVPNQKPRVPTLRQAKVQ,-3.64911040404515
G1W,WAYTGVPNQKPRVPTLRQAKVQ,-3.64911040404515
G1Y,YAYTGVPNQKPRVPTLRQAKVQ,-3.64911040404515
G1V,VAYTGVPNQKPRVPTLRQAKVQ,-3.64911040404515
G1N,NAYTGVPNQKPRVPTLRQAKVQ,-3.64911040404515
G1M,MAYTGVPNQKPRVPTLRQAKVQ,-3.64911040404515
G1L,LAYTGVPNQKPRVPTLRQAKVQ,-3.64911040404515
G1C,CAYTGVPNQKPRVPTLRQAKVQ,-3.64911040404515
G1D,DAYTGVPNQKPRVPTLRQAKVQ,-3.64911040404515
G1E,EAYTGVPNQKPRVPTLRQAKVQ,-3.64911040404515
G1F,FAYTGVPNQKPRVPTLRQAKVQ,-3.64911040404515
G1A,AAYTGVPNQKPRVPTLRQAKVQ,-3.64911040404515
G1H,HAYTGVPNQKPRVPTLRQAKVQ,-3.64911040404515
G1I,IAYTGVPNQKPRVPTLRQAKVQ,-3.64911040404515
G1K,KAYTGVPNQKPRVPTLRQAKVQ,-3.64911040404515
G1G,GAYTGVPNQKPRVPTLRQAKVQ,0.0
A2P,GPYTGVPNQKPRVPTLRQAKVQ,-0.661623797634866
A2Y,GYYTGVPNQKPRVPTLRQAKVQ,-3.64911040404515
A2W,GWYTGVPNQKPRVPTLRQAKVQ,-3.64911040404515
A2V,GVYTGVPNQKPRVPTLRQAKVQ,-2.37144970263517
A2T,GTYTGVPNQKPRVPTLRQAKVQ,-3.64911040404515
A2S,GSYTGVPNQKPRVPTLRQAKVQ,-3.64911040404515
A2R,GRYTGVPNQKPRVPTLRQAKVQ,-3.64911040404515
A2Q,GQYTGVPNQKPRVPTLRQAKVQ,-3.64911040404515
A2N,GNYTGVPNQKPRVPTLRQAKVQ,-3.64911040404515
A2M,GMYTGVPNQKPRVPTLRQAKVQ,-3.64911040404515
A2L,GLYTGVPNQKPRVPTLRQAKVQ,-3.64911040404515
A2C,GCYTGVPNQKPRVPTLRQAKVQ,-1.28168456170443
A2D,GDYTGVPNQKPRVPTLRQAKVQ,-3.64911040404515
A2E,GEYTGVPNQKPRVPTLRQAKVQ,-3.64911040404515
A2F,GFYTGVPNQKPRVPTLRQAKVQ,-3.64911040404515
A2A,GAYTGVPNQKPRVPTLRQAKVQ,0.0
A2H,GHYTGVPNQKPRVPTLRQAKVQ,-3.64911040404515
A2I,GIYTGVPNQKPRVPTLRQAKVQ,-3.64911040404515
A2K,GKYTGVPNQKPRVPTLRQAKVQ,-3.64911040404515
A2G,GGYTGVPNQKPRVPTLRQAKVQ,-3.64911040404515
Y3P,GAPTGVPNQKPRVPTLRQAKVQ,-3.64911040404515
Y3Y,GAYTGVPNQKPRVPTLRQAKVQ,0.0
Y3W,GAWTGVPNQKPRVPTLRQAKVQ,-3.64911040404515
Y3V,GAVTGVPNQKPRVPTLRQAKVQ,-3.64911040404515
Y3T,GATTGVPNQKPRVPTLRQAKVQ,-3.64911040404515
Y3S,GASTGVPNQKPRVPTLRQAKVQ,-3.64911040404515
Y3R,GARTGVPNQKPRVPTLRQAKVQ,-3.64911040404515
Y3Q,GAQTGVPNQKPRVPTLRQAKVQ,-3.64911040404515
Y3N,GANTGVPNQKPRVPTLRQAKVQ,-3.64911040404515
Y3M,GAMTGVPNQKPRVPTLRQAKVQ,-3.64911040404515
Y3L,GALTGVPNQKPRVPTLRQAKVQ,-3.64911040404515
Y3C,GACTGVPNQKPRVPTLRQAKVQ,-3.64911040404515
Y3D,GADTGVPNQKPRVPTLRQAKVQ,-3.64911040404515
Y3E,GAETGVPNQKPRVPTLRQAKVQ,-3.64911040404515
Y3F,GAFTGVPNQKPRVPTLRQAKVQ,-3.64911040404515
Y3A,GAATGVPNQKPRVPTLRQAKVQ,-3.64911040404515
Y3H,GAHTGVPNQKPRVPTLRQAKVQ,-3.64911040404515
Y3I,GAITGVPNQKPRVPTLRQAKVQ,-3.64911040404515
Y3K,GAKTGVPNQKPRVPTLRQAKVQ,-3.64911040404515
Y3G,GAGTGVPNQKPRVPTLRQAKVQ,-3.64911040404515
T4P,GAYPGVPNQKPRVPTLRQAKVQ,-3.64911040404515
T4Y,GAYYGVPNQKPRVPTLRQAKVQ,-3.64911040404515
T4W,GAYWGVPNQKPRVPTLRQAKVQ,-3.64911040404515
T4V,GAYVGVPNQKPRVPTLRQAKVQ,-3.64911040404515
T4T,GAYTGVPNQKPRVPTLRQAKVQ,0.0
T4S,GAYSGVPNQKPRVPTLRQAKVQ,-0.443292504086561
T4R,GAYRGVPNQKPRVPTLRQAKVQ,-3.64911040404515
T4Q,GAYQGVPNQKPRVPTLRQAKVQ,-3.64911040404515
T4N,GAYNGVPNQKPRVPTLRQAKVQ,-1.42549703080893
T4M,GAYMGVPNQKPRVPTLRQAKVQ,-3.64911040404515
T4L,GAYLGVPNQKPRVPTLRQAKVQ,-3.64911040404515
T4C,GAYCGVPNQKPRVPTLRQAKVQ,-0.571666060306077
T4D,GAYDGVPNQKPRVPTLRQAKVQ,-3.64911040404515
T4E,GAYEGVPNQKPRVPTLRQAKVQ,-3.64911040404515
T4F,GAYFGVPNQKPRVPTLRQAKVQ,-3.64911040404515
T4A,GAYAGVPNQKPRVPTLRQAKVQ,-1.37639024030955
T4H,GAYHGVPNQKPRVPTLRQAKVQ,-3.64911040404515
T4I,GAYIGVPNQKPRVPTLRQAKVQ,-3.64911040404515
T4K,GAYKGVPNQKPRVPTLRQAKVQ,-3.64911040404515
T4G,GAYGGVPNQKPRVPTLRQAKVQ,-1.58593562530714
G5P,GAYTPVPNQKPRVPTLRQAKVQ,-3.64911040404515
G5Y,GAYTYVPNQKPRVPTLRQAKVQ,-3.64911040404515
G5W,GAYTWVPNQKPRVPTLRQAKVQ,-3.64911040404515
G5V,GAYTVVPNQKPRVPTLRQAKVQ,-3.64911040404515
G5T,GAYTTVPNQKPRVPTLRQAKVQ,-3.64911040404515
G5S,GAYTSVPNQKPRVPTLRQAKVQ,-3.64911040404515
G5R,GAYTRVPNQKPRVPTLRQAKVQ,-3.64911040404515
G5Q,GAYTQVPNQKPRVPTLRQAKVQ,-3.64911040404515
G5N,GAYTNVPNQKPRVPTLRQAKVQ,-3.64911040404515
G5M,GAYTMVPNQKPRVPTLRQAKVQ,-3.64911040404515
G5L,GAYTLVPNQKPRVPTLRQAKVQ,-3.64911040404515
G5C,GAYTCVPNQKPRVPTLRQAKVQ,-3.64911040404515
G5D,GAYTDVPNQKPRVPTLRQAKVQ,-3.64911040404515
G5E,GAYTEVPNQKPRVPTLRQAKVQ,-3.64911040404515
G5F,GAYTFVPNQKPRVPTLRQAKVQ,-3.64911040404515
G5A,GAYTAVPNQKPRVPTLRQAKVQ,-3.64911040404515
G5H,GAYTHVPNQKPRVPTLRQAKVQ,-3.64911040404515
G5I,GAYTIVPNQKPRVPTLRQAKVQ,-3.64911040404515
G5K,GAYTKVPNQKPRVPTLRQAKVQ,-3.64911040404515
G5G,GAYTGVPNQKPRVPTLRQAKVQ,0.0
V6P,GAYTGPPNQKPRVPTLRQAKVQ,-3.64911040404515
V6Y,GAYTGYPNQKPRVPTLRQAKVQ,-0.803999835730238
V6W,GAYTGWPNQKPRVPTLRQAKVQ,-1.86513050581266
V6V,GAYTGVPNQKPRVPTLRQAKVQ,0.0
V6T,GAYTGTPNQKPRVPTLRQAKVQ,-0.876888578725831
V6S,GAYTGSPNQKPRVPTLRQAKVQ,-1.83005359792775
V6R,GAYTGRPNQKPRVPTLRQAKVQ,-3.64911040404515
V6Q,GAYTGQPNQKPRVPTLRQAKVQ,-0.847564383711203
V6N,GAYTGNPNQKPRVPTLRQAKVQ,-1.0955385887864
V6M,GAYTGMPNQKPRVPTLRQAKVQ,-0.200353294280642
V6L,GAYTGLPNQKPRVPTLRQAKVQ,0.0406490509810202
V6C,GAYTGCPNQKPRVPTLRQAKVQ,-0.760143499480334
V6D,GAYTGDPNQKPRVPTLRQAKVQ,-3.64911040404515
V6E,GAYTGEPNQKPRVPTLRQAKVQ,-3.64911040404515
V6F,GAYTGFPNQKPRVPTLRQAKVQ,-0.599200997111449
V6A,GAYTGAPNQKPRVPTLRQAKVQ,-1.2432610091149
V6H,GAYTGHPNQKPRVPTLRQAKVQ,-0.577758687754091
V6I,GAYTGIPNQKPRVPTLRQAKVQ,-0.272233185210348
V6K,GAYTGKPNQKPRVPTLRQAKVQ,-3.64911040404515
V6G,GAYTGGPNQKPRVPTLRQAKVQ,-3.64911040404515
P7P,GAYTGVPNQKPRVPTLRQAKVQ,0.0
P7Y,GAYTGVYNQKPRVPTLRQAKVQ,-1.50320479447094
P7W,GAYTGVWNQKPRVPTLRQAKVQ,-2.2518242561631
P7V,GAYTGVVNQKPRVPTLRQAKVQ,-1.28541056180655
P7T,GAYTGVTNQKPRVPTLRQAKVQ,-1.86754760538443
P7S,GAYTGVSNQKPRVPTLRQAKVQ,-3.64911040404515
P7R,GAYTGVRNQKPRVPTLRQAKVQ,-3.64911040404515
P7Q,GAYTGVQNQKPRVPTLRQAKVQ,-1.38717725135375
P7N,GAYTGVNNQKPRVPTLRQAKVQ,-3.64911040404515
P7M,GAYTGVMNQKPRVPTLRQAKVQ,-3.64911040404515
P7L,GAYTGVLNQKPRVPTLRQAKVQ,-3.64911040404515
P7C,GAYTGVCNQKPRVPTLRQAKVQ,-0.915079178336717
P7D,GAYTGVDNQKPRVPTLRQAKVQ,-3.64911040404515
P7E,GAYTGVENQKPRVPTLRQAKVQ,-3.64911040404515
P7F,GAYTGVFNQKPRVPTLRQAKVQ,-2.10789012727521
P7A,GAYTGVANQKPRVPTLRQAKVQ,-1.40893572256379
P7H,GAYTGVHNQKPRVPTLRQAKVQ,-3.64911040404515
P7I,GAYTGVINQKPRVPTLRQAKVQ,-1.54337249347188
P7K,GAYTGVKNQKPRVPTLRQAKVQ,-3.64911040404515
P7G,GAYTGVGNQKPRVPTLRQAKVQ,-1.64068694879676
N8P,GAYTGVPPQKPRVPTLRQAKVQ,-1.24996629777681
N8Y,GAYTGVPYQKPRVPTLRQAKVQ,-0.291776594041253
N8W,GAYTGVPWQKPRVPTLRQAKVQ,-0.976861071480923
N8V,GAYTGVPVQKPRVPTLRQAKVQ,-0.453332672401457
N8T,GAYTGVPTQKPRVPTLRQAKVQ,-0.606997791311589
N8S,GAYTGVPSQKPRVPTLRQAKVQ,-0.546515650609496
N8R,GAYTGVPRQKPRVPTLRQAKVQ,-1.41249636521397
N8Q,GAYTGVPQQKPRVPTLRQAKVQ,-0.372156293084915
N8N,GAYTGVPNQKPRVPTLRQAKVQ,0.0
N8M,GAYTGVPMQKPRVPTLRQAKVQ,-0.449236983729324
N8L,GAYTGVPLQKPRVPTLRQAKVQ,-0.250235738386432
N8C,GAYTGVPCQKPRVPTLRQAKVQ,-0.816956524572017
N8D,GAYTGVPDQKPRVPTLRQAKVQ,-1.66733976479746
N8E,GAYTGVPEQKPRVPTLRQAKVQ,-1.4134506606342
N8F,GAYTGVPFQKPRVPTLRQAKVQ,-0.372841420235074
N8A,GAYTGVPAQKPRVPTLRQAKVQ,-0.757680480466612
N8H,GAYTGVPHQKPRVPTLRQAKVQ,-0.460192247096547
N8I,GAYTGVPIQKPRVPTLRQAKVQ,-0.311035973767805
N8K,GAYTGVPKQKPRVPTLRQAKVQ,-1.46650897486022
N8G,GAYTGVPGQKPRVPTLRQAKVQ,-1.01928382415046
Q9N,GAYTGVPNNKPRVPTLRQAKVQ,-0.617339056740837
Q9Y,GAYTGVPNYKPRVPTLRQAKVQ,-0.410615527747624
Q9W,GAYTGVPNWKPRVPTLRQAKVQ,-0.749312982311055
Q9V,GAYTGVPNVKPRVPTLRQAKVQ,-0.280780275479677
Q9T,GAYTGVPNTKPRVPTLRQAKVQ,-0.468761168881899
Q9S,GAYTGVPNSKPRVPTLRQAKVQ,-0.470004116889121
Q9R,GAYTGVPNRKPRVPTLRQAKVQ,-2.11450768893211
Q9Q,GAYTGVPNQKPRVPTLRQAKVQ,0.0
Q9P,GAYTGVPNPKPRVPTLRQAKVQ,-0.326525886793644
Q9M,GAYTGVPNMKPRVPTLRQAKVQ,-0.289355204522903
Q9K,GAYTGVPNKKPRVPTLRQAKVQ,-1.38520207679218
Q9A,GAYTGVPNAKPRVPTLRQAKVQ,-0.535639224164428
Q9C,GAYTGVPNCKPRVPTLRQAKVQ,-0.424687716496272
Q9D,GAYTGVPNDKPRVPTLRQAKVQ,-1.13442406785025
Q9E,GAYTGVPNEKPRVPTLRQAKVQ,-1.07657904870935
Q9L,GAYTGVPNLKPRVPTLRQAKVQ,-0.501230457740996
Q9G,GAYTGVPNGKPRVPTLRQAKVQ,-0.532975335033013
Q9H,GAYTGVPNHKPRVPTLRQAKVQ,-0.597352597006791
Q9I,GAYTGVPNIKPRVPTLRQAKVQ,-0.633974284681379
Q9F,GAYTGVPNFKPRVPTLRQAKVQ,-0.46045176378006
K10P,GAYTGVPNQPPRVPTLRQAKVQ,-1.58718626539425
K10Y,GAYTGVPNQYPRVPTLRQAKVQ,-1.68410870116804
K10W,GAYTGVPNQWPRVPTLRQAKVQ,-2.02152503054709
K10V,GAYTGVPNQVPRVPTLRQAKVQ,-0.934012644103279
K10T,GAYTGVPNQTPRVPTLRQAKVQ,-1.17636956376022
K10S,GAYTGVPNQSPRVPTLRQAKVQ,-1.56122590336449
K10R,GAYTGVPNQRPRVPTLRQAKVQ,-0.500918534785139
K10Q,GAYTGVPNQQPRVPTLRQAKVQ,-0.843803651610151
K10N,GAYTGVPNQNPRVPTLRQAKVQ,-1.4889583422158
K10M,GAYTGVPNQMPRVPTLRQAKVQ,-1.7878513999364
K10L,GAYTGVPNQLPRVPTLRQAKVQ,-1.73357882037045
K10C,GAYTGVPNQCPRVPTLRQAKVQ,-2.28975008475933
K10D,GAYTGVPNQDPRVPTLRQAKVQ,-3.64911040404515
K10E,GAYTGVPNQEPRVPTLRQAKVQ,-3.64911040404515
K10F,GAYTGVPNQFPRVPTLRQAKVQ,-1.16133355416717
K10A,GAYTGVPNQAPRVPTLRQAKVQ,-1.84885554161007
K10H,GAYTGVPNQHPRVPTLRQAKVQ,-1.25654124802633
K10I,GAYTGVPNQIPRVPTLRQAKVQ,-1.23620894983122
K10K,GAYTGVPNQKPRVPTLRQAKVQ,0.0
K10G,GAYTGVPNQGPRVPTLRQAKVQ,-3.64911040404515
P11P,GAYTGVPNQKPRVPTLRQAKVQ,0.0
P11Y,GAYTGVPNQKYRVPTLRQAKVQ,-0.928645074170407
P11W,GAYTGVPNQKWRVPTLRQAKVQ,-1.08074164127071
P11V,GAYTGVPNQKVRVPTLRQAKVQ,-0.705083664687564
P11T,GAYTGVPNQKTRVPTLRQAKVQ,-0.998888567054108
P11S,GAYTGVPNQKSRVPTLRQAKVQ,-0.88258674364951
P11R,GAYTGVPNQKRRVPTLRQAKVQ,-2.27683799911773
P11Q,GAYTGVPNQKQRVPTLRQAKVQ,-1.5910526997882
P11N,GAYTGVPNQKNRVPTLRQAKVQ,-0.985905430473125
P11M,GAYTGVPNQKMRVPTLRQAKVQ,-0.556621515638618
P11L,GAYTGVPNQKLRVPTLRQAKVQ,-0.512148361783048
P11C,GAYTGVPNQKCRVPTLRQAKVQ,-0.712857136391289
P11D,GAYTGVPNQKDRVPTLRQAKVQ,-3.64911040404515
P11E,GAYTGVPNQKERVPTLRQAKVQ,-3.64911040404515
P11F,GAYTGVPNQKFRVPTLRQAKVQ,-0.565524263145241
P11A,GAYTGVPNQKARVPTLRQAKVQ,-0.617583437219791
P11H,GAYTGVPNQKHRVPTLRQAKVQ,-1.01630187429134
P11I,GAYTGVPNQKIRVPTLRQAKVQ,-0.590189795102162
P11K,GAYTGVPNQKKRVPTLRQAKVQ,-3.64911040404515
P11G,GAYTGVPNQKGRVPTLRQAKVQ,-1.3647821018539
R12P,GAYTGVPNQKPPVPTLRQAKVQ,-3.64911040404515
R12Y,GAYTGVPNQKPYVPTLRQAKVQ,-3.64911040404515
R12W,GAYTGVPNQKPWVPTLRQAKVQ,-3.64911040404515
R12V,GAYTGVPNQKPVVPTLRQAKVQ,-1.36032870028836
R12T,GAYTGVPNQKPTVPTLRQAKVQ,-1.87646016799793
R12S,GAYTGVPNQKPSVPTLRQAKVQ,-1.56071104067202
R12R,GAYTGVPNQKPRVPTLRQAKVQ,0.0
R12Q,GAYTGVPNQKPQVPTLRQAKVQ,-1.41314932186588
R12N,GAYTGVPNQKPNVPTLRQAKVQ,-1.97708326699115
R12M,GAYTGVPNQKPMVPTLRQAKVQ,-1.22609255176701
R12L,GAYTGVPNQKPLVPTLRQAKVQ,-1.3900424367786
R12C,GAYTGVPNQKPCVPTLRQAKVQ,-1.55088341850811
R12D,GAYTGVPNQKPDVPTLRQAKVQ,-3.64911040404515
R12E,GAYTGVPNQKPEVPTLRQAKVQ,-3.64911040404515
R12F,GAYTGVPNQKPFVPTLRQAKVQ,-1.83778573222683
R12A,GAYTGVPNQKPAVPTLRQAKVQ,-1.4224831835783
R12H,GAYTGVPNQKPHVPTLRQAKVQ,-1.28657593836095
R12I,GAYTGVPNQKPIVPTLRQAKVQ,-1.61655452023162
R12K,GAYTGVPNQKPKVPTLRQAKVQ,-0.683370246760614
R12G,GAYTGVPNQKPGVPTLRQAKVQ,-1.91295822858037
V13N,GAYTGVPNQKPRNPTLRQAKVQ,-3.64911040404515
V13Y,GAYTGVPNQKPRYPTLRQAKVQ,-3.64911040404515
V13W,GAYTGVPNQKPRWPTLRQAKVQ,-3.64911040404515
V13V,GAYTGVPNQKPRVPTLRQAKVQ,0.0
V13T,GAYTGVPNQKPRTPTLRQAKVQ,-3.64911040404515
V13S,GAYTGVPNQKPRSPTLRQAKVQ,-3.64911040404515
V13R,GAYTGVPNQKPRRPTLRQAKVQ,-3.64911040404515
V13Q,GAYTGVPNQKPRQPTLRQAKVQ,-3.64911040404515
V13P,GAYTGVPNQKPRPPTLRQAKVQ,-0.516387807700165
V13M,GAYTGVPNQKPRMPTLRQAKVQ,-1.65210449651458
V13K,GAYTGVPNQKPRKPTLRQAKVQ,-3.64911040404515
V13A,GAYTGVPNQKPRAPTLRQAKVQ,-3.64911040404515
V13C,GAYTGVPNQKPRCPTLRQAKVQ,-1.25107154620478
V13D,GAYTGVPNQKPRDPTLRQAKVQ,-3.64911040404515
V13E,GAYTGVPNQKPREPTLRQAKVQ,-3.64911040404515
V13L,GAYTGVPNQKPRLPTLRQAKVQ,-2.06187932684097
V13G,GAYTGVPNQKPRGPTLRQAKVQ,-3.64911040404515
V13H,GAYTGVPNQKPRHPTLRQAKVQ,-3.64911040404515
V13I,GAYTGVPNQKPRIPTLRQAKVQ,-0.427491863582902
V13F,GAYTGVPNQKPRFPTLRQAKVQ,-3.64911040404515
P14P,GAYTGVPNQKPRVPTLRQAKVQ,0.0
P14Y,GAYTGVPNQKPRVYTLRQAKVQ,-3.64911040404515
P14W,GAYTGVPNQKPRVWTLRQAKVQ,-3.64911040404515
P14V,GAYTGVPNQKPRVVTLRQAKVQ,-3.64911040404515
P14T,GAYTGVPNQKPRVTTLRQAKVQ,-3.64911040404515
P14S,GAYTGVPNQKPRVSTLRQAKVQ,-3.64911040404515
P14R,GAYTGVPNQKPRVRTLRQAKVQ,-3.64911040404515
P14Q,GAYTGVPNQKPRVQTLRQAKVQ,-3.64911040404515
P14N,GAYTGVPNQKPRVNTLRQAKVQ,-3.64911040404515
P14M,GAYTGVPNQKPRVMTLRQAKVQ,-3.64911040404515
P14L,GAYTGVPNQKPRVLTLRQAKVQ,-3.64911040404515
P14C,GAYTGVPNQKPRVCTLRQAKVQ,-3.64911040404515
P14D,GAYTGVPNQKPRVDTLRQAKVQ,-3.64911040404515
P14E,GAYTGVPNQKPRVETLRQAKVQ,-3.64911040404515
P14F,GAYTGVPNQKPRVFTLRQAKVQ,-3.64911040404515
P14A,GAYTGVPNQKPRVATLRQAKVQ,-3.64911040404515
P14H,GAYTGVPNQKPRVHTLRQAKVQ,-3.64911040404515
P14I,GAYTGVPNQKPRVITLRQAKVQ,-3.64911040404515
P14K,GAYTGVPNQKPRVKTLRQAKVQ,-3.64911040404515
P14G,GAYTGVPNQKPRVGTLRQAKVQ,-3.64911040404515
T15N,GAYTGVPNQKPRVPNLRQAKVQ,-2.4550171001507
T15Y,GAYTGVPNQKPRVPYLRQAKVQ,-3.64911040404515
T15W,GAYTGVPNQKPRVPWLRQAKVQ,-3.64911040404515
T15V,GAYTGVPNQKPRVPVLRQAKVQ,-3.64911040404515
T15T,GAYTGVPNQKPRVPTLRQAKVQ,0.0
T15S,GAYTGVPNQKPRVPSLRQAKVQ,-1.23085330341911
T15R,GAYTGVPNQKPRVPRLRQAKVQ,-3.64911040404515
T15Q,GAYTGVPNQKPRVPQLRQAKVQ,-3.64911040404515
T15P,GAYTGVPNQKPRVPPLRQAKVQ,-3.64911040404515
T15M,GAYTGVPNQKPRVPMLRQAKVQ,-3.64911040404515
T15K,GAYTGVPNQKPRVPKLRQAKVQ,-3.64911040404515
T15A,GAYTGVPNQKPRVPALRQAKVQ,-3.64911040404515
T15C,GAYTGVPNQKPRVPCLRQAKVQ,-3.64911040404515
T15D,GAYTGVPNQKPRVPDLRQAKVQ,-3.64911040404515
T15E,GAYTGVPNQKPRVPELRQAKVQ,-3.64911040404515
T15L,GAYTGVPNQKPRVPLLRQAKVQ,-3.64911040404515
T15G,GAYTGVPNQKPRVPGLRQAKVQ,-3.64911040404515
T15H,GAYTGVPNQKPRVPHLRQAKVQ,-3.64911040404515
T15I,GAYTGVPNQKPRVPILRQAKVQ,-3.64911040404515
T15F,GAYTGVPNQKPRVPFLRQAKVQ,-3.64911040404515
L16N,GAYTGVPNQKPRVPTNRQAKVQ,-3.64911040404515
L16Y,GAYTGVPNQKPRVPTYRQAKVQ,-3.64911040404515
L16W,GAYTGVPNQKPRVPTWRQAKVQ,-3.64911040404515
L16V,GAYTGVPNQKPRVPTVRQAKVQ,-1.7969017959164
L16T,GAYTGVPNQKPRVPTTRQAKVQ,-3.64911040404515
L16S,GAYTGVPNQKPRVPTSRQAKVQ,-3.64911040404515
L16R,GAYTGVPNQKPRVPTRRQAKVQ,-3.64911040404515
L16Q,GAYTGVPNQKPRVPTQRQAKVQ,-3.64911040404515
L16P,GAYTGVPNQKPRVPTPRQAKVQ,-3.64911040404515
L16M,GAYTGVPNQKPRVPTMRQAKVQ,-2.20125387823814
L16K,GAYTGVPNQKPRVPTKRQAKVQ,-3.64911040404515
L16A,GAYTGVPNQKPRVPTARQAKVQ,-3.64911040404515
L16C,GAYTGVPNQKPRVPTCRQAKVQ,-3.64911040404515
L16D,GAYTGVPNQKPRVPTDRQAKVQ,-3.64911040404515
L16E,GAYTGVPNQKPRVPTERQAKVQ,-3.64911040404515
L16L,GAYTGVPNQKPRVPTLRQAKVQ,0.0
L16G,GAYTGVPNQKPRVPTGRQAKVQ,-3.64911040404515
L16H,GAYTGVPNQKPRVPTHRQAKVQ,-3.64911040404515
L16I,GAYTGVPNQKPRVPTIRQAKVQ,-0.784806517425299
L16F,GAYTGVPNQKPRVPTFRQAKVQ,-3.64911040404515
R17N,GAYTGVPNQKPRVPTLNQAKVQ,-3.64911040404515
R17Y,GAYTGVPNQKPRVPTLYQAKVQ,-3.64911040404515
R17W,GAYTGVPNQKPRVPTLWQAKVQ,-2.2936681141231
R17V,GAYTGVPNQKPRVPTLVQAKVQ,-3.64911040404515
R17T,GAYTGVPNQKPRVPTLTQAKVQ,-3.64911040404515
R17S,GAYTGVPNQKPRVPTLSQAKVQ,-3.64911040404515
R17R,GAYTGVPNQKPRVPTLRQAKVQ,0.0
R17Q,GAYTGVPNQKPRVPTLQQAKVQ,-3.64911040404515
R17P,GAYTGVPNQKPRVPTLPQAKVQ,-3.64911040404515
R17M,GAYTGVPNQKPRVPTLMQAKVQ,-2.26375711595562
R17K,GAYTGVPNQKPRVPTLKQAKVQ,-3.64911040404515
R17I,GAYTGVPNQKPRVPTLIQAKVQ,-3.64911040404515
R17H,GAYTGVPNQKPRVPTLHQAKVQ,-3.64911040404515
R17G,GAYTGVPNQKPRVPTLGQAKVQ,-3.64911040404515
R17F,GAYTGVPNQKPRVPTLFQAKVQ,-3.64911040404515
R17E,GAYTGVPNQKPRVPTLEQAKVQ,-3.64911040404515
R17D,GAYTGVPNQKPRVPTLDQAKVQ,-3.64911040404515
R17C,GAYTGVPNQKPRVPTLCQAKVQ,-3.64911040404515
R17A,GAYTGVPNQKPRVPTLAQAKVQ,-3.64911040404515
R17L,GAYTGVPNQKPRVPTLLQAKVQ,-3.64911040404515
Q18Q,GAYTGVPNQKPRVPTLRQAKVQ,0.0
Q18R,GAYTGVPNQKPRVPTLRRAKVQ,-2.21205362182085
Q18S,GAYTGVPNQKPRVPTLRSAKVQ,-1.41260896253731
Q18T,GAYTGVPNQKPRVPTLRTAKVQ,-1.0079390019728
Q18P,GAYTGVPNQKPRVPTLRPAKVQ,-3.64911040404515
Q18W,GAYTGVPNQKPRVPTLRWAKVQ,-3.64911040404515
Q18Y,GAYTGVPNQKPRVPTLRYAKVQ,-3.64911040404515
Q18V,GAYTGVPNQKPRVPTLRVAKVQ,-1.31025328971529
Q18N,GAYTGVPNQKPRVPTLRNAKVQ,-2.46693121741348
Q18M,GAYTGVPNQKPRVPTLRMAKVQ,-1.01649939179141
Q18L,GAYTGVPNQKPRVPTLRLAKVQ,-1.67905161710906
Q18C,GAYTGVPNQKPRVPTLRCAKVQ,-1.40630580608216
Q18D,GAYTGVPNQKPRVPTLRDAKVQ,-3.64911040404515
Q18E,GAYTGVPNQKPRVPTLREAKVQ,-1.65187289194094
Q18F,GAYTGVPNQKPRVPTLRFAKVQ,-3.64911040404515
Q18A,GAYTGVPNQKPRVPTLRAAKVQ,-0.79948098503707
Q18H,GAYTGVPNQKPRVPTLRHAKVQ,-1.81152888604986
Q18I,GAYTGVPNQKPRVPTLRIAKVQ,-1.39171573105306
Q18K,GAYTGVPNQKPRVPTLRKAKVQ,-2.05934922756164
Q18G,GAYTGVPNQKPRVPTLRGAKVQ,-3.64911040404515
A19P,GAYTGVPNQKPRVPTLRQPKVQ,-3.64911040404515
A19Y,GAYTGVPNQKPRVPTLRQYKVQ,-3.64911040404515
A19W,GAYTGVPNQKPRVPTLRQWKVQ,-3.64911040404515
A19V,GAYTGVPNQKPRVPTLRQVKVQ,-3.64911040404515
A19T,GAYTGVPNQKPRVPTLRQTKVQ,-3.64911040404515
A19S,GAYTGVPNQKPRVPTLRQSKVQ,-3.64911040404515
A19R,GAYTGVPNQKPRVPTLRQRKVQ,-3.64911040404515
A19Q,GAYTGVPNQKPRVPTLRQQKVQ,-3.64911040404515
A19N,GAYTGVPNQKPRVPTLRQNKVQ,-3.64911040404515
A19M,GAYTGVPNQKPRVPTLRQMKVQ,-3.64911040404515
A19L,GAYTGVPNQKPRVPTLRQLKVQ,-3.64911040404515
A19C,GAYTGVPNQKPRVPTLRQCKVQ,-3.64911040404515
A19D,GAYTGVPNQKPRVPTLRQDKVQ,-3.64911040404515
A19E,GAYTGVPNQKPRVPTLRQEKVQ,-3.64911040404515
A19F,GAYTGVPNQKPRVPTLRQFKVQ,-3.64911040404515
A19A,GAYTGVPNQKPRVPTLRQAKVQ,0.0
A19H,GAYTGVPNQKPRVPTLRQHKVQ,-3.64911040404515
A19I,GAYTGVPNQKPRVPTLRQIKVQ,-3.64911040404515
A19K,GAYTGVPNQKPRVPTLRQKKVQ,-3.64911040404515
A19G,GAYTGVPNQKPRVPTLRQGKVQ,-3.64911040404515
K20P,GAYTGVPNQKPRVPTLRQAPVQ,-3.64911040404515
K20Y,GAYTGVPNQKPRVPTLRQAYVQ,-3.64911040404515
K20W,GAYTGVPNQKPRVPTLRQAWVQ,-3.64911040404515
K20V,GAYTGVPNQKPRVPTLRQAVVQ,-1.82084734802194
K20T,GAYTGVPNQKPRVPTLRQATVQ,-1.26044487300232
K20S,GAYTGVPNQKPRVPTLRQASVQ,-2.76823161105997
K20R,GAYTGVPNQKPRVPTLRQARVQ,-0.441162571378662
K20Q,GAYTGVPNQKPRVPTLRQAQVQ,-1.63794458453059
K20N,GAYTGVPNQKPRVPTLRQANVQ,-3.64911040404515
K20M,GAYTGVPNQKPRVPTLRQAMVQ,-1.93569450660994
K20L,GAYTGVPNQKPRVPTLRQALVQ,-1.78498219567639
K20C,GAYTGVPNQKPRVPTLRQACVQ,-1.43242363066261
K20D,GAYTGVPNQKPRVPTLRQADVQ,-3.64911040404515
K20E,GAYTGVPNQKPRVPTLRQAEVQ,-3.64911040404515
K20F,GAYTGVPNQKPRVPTLRQAFVQ,-3.64911040404515
K20A,GAYTGVPNQKPRVPTLRQAAVQ,-1.76316845131839
K20H,GAYTGVPNQKPRVPTLRQAHVQ,-1.37348766025097
K20I,GAYTGVPNQKPRVPTLRQAIVQ,-1.76433052134387
K20K,GAYTGVPNQKPRVPTLRQAKVQ,0.0
K20G,GAYTGVPNQKPRVPTLRQAGVQ,-3.64911040404515
V21P,GAYTGVPNQKPRVPTLRQAKPQ,-3.64911040404515
V21Y,GAYTGVPNQKPRVPTLRQAKYQ,-3.64911040404515
V21W,GAYTGVPNQKPRVPTLRQAKWQ,-3.64911040404515
V21V,GAYTGVPNQKPRVPTLRQAKVQ,0.0
V21T,GAYTGVPNQKPRVPTLRQAKTQ,-3.64911040404515
V21S,GAYTGVPNQKPRVPTLRQAKSQ,-3.64911040404515
V21R,GAYTGVPNQKPRVPTLRQAKRQ,-3.64911040404515
V21Q,GAYTGVPNQKPRVPTLRQAKQQ,-3.64911040404515
V21N,GAYTGVPNQKPRVPTLRQAKNQ,-3.64911040404515
V21M,GAYTGVPNQKPRVPTLRQAKMQ,-2.00176752048897
V21L,GAYTGVPNQKPRVPTLRQAKLQ,-3.64911040404515
V21C,GAYTGVPNQKPRVPTLRQAKCQ,-2.53503632705884
V21D,GAYTGVPNQKPRVPTLRQAKDQ,-3.64911040404515
V21E,GAYTGVPNQKPRVPTLRQAKEQ,-3.64911040404515
V21F,GAYTGVPNQKPRVPTLRQAKFQ,-3.64911040404515
V21A,GAYTGVPNQKPRVPTLRQAKAQ,-3.64911040404515
V21H,GAYTGVPNQKPRVPTLRQAKHQ,-3.64911040404515
V21I,GAYTGVPNQKPRVPTLRQAKIQ,-3.64911040404515
V21K,GAYTGVPNQKPRVPTLRQAKKQ,-3.64911040404515
V21G,GAYTGVPNQKPRVPTLRQAKGQ,-3.64911040404515
Q22P,GAYTGVPNQKPRVPTLRQAKVP,-3.64911040404515
Q22Y,GAYTGVPNQKPRVPTLRQAKVY,-3.64911040404515
Q22W,GAYTGVPNQKPRVPTLRQAKVW,-3.64911040404515
Q22V,GAYTGVPNQKPRVPTLRQAKVV,-3.64911040404515
Q22T,GAYTGVPNQKPRVPTLRQAKVT,-3.64911040404515
Q22S,GAYTGVPNQKPRVPTLRQAKVS,-3.64911040404515
Q22R,GAYTGVPNQKPRVPTLRQAKVR,-3.64911040404515
Q22Q,GAYTGVPNQKPRVPTLRQAKVQ,0.0
Q22N,GAYTGVPNQKPRVPTLRQAKVN,-3.64911040404515
Q22M,GAYTGVPNQKPRVPTLRQAKVM,-3.64911040404515
Q22L,GAYTGVPNQKPRVPTLRQAKVL,-3.64911040404515
Q22C,GAYTGVPNQKPRVPTLRQAKVC,-3.64911040404515
Q22D,GAYTGVPNQKPRVPTLRQAKVD,-3.64911040404515
Q22E,GAYTGVPNQKPRVPTLRQAKVE,-3.64911040404515
Q22F,GAYTGVPNQKPRVPTLRQAKVF,-3.64911040404515
Q22A,GAYTGVPNQKPRVPTLRQAKVA,-3.64911040404515
Q22H,GAYTGVPNQKPRVPTLRQAKVH,-2.04561312161024
Q22I,GAYTGVPNQKPRVPTLRQAKVI,-3.64911040404515
Q22K,GAYTGVPNQKPRVPTLRQAKVK,-3.64911040404515
Q22G,GAYTGVPNQKPRVPTLRQAKVG,-3.64911040404515
